player_id,shortName,role_clean,xgb_forecast_next5
25849,F. Ghoulam,Defender,14.89667
218971,A. Lazaar,Defender,13.649831
397028,D. Zagadou,Defender,12.972225
250899,Carlos Vigaray,Defender,14.471974
25423,M. Bi\u0161evac,Defender,13.29594
3735,Juankar,Defender,13.914806
21872,L. Antei,Defender,14.912787
22152,M. Gazzola,Defender,14.990328
5383,To\u00f1o,Defender,14.7398205
25427,C. Jallet,Defender,14.192461
258263,V. Jovanovi\u0107,Defender,14.068021
3337,Font\u00e0s,Defender,14.233215
15039,K. Rausch,Defender,13.892881
255732,P. Lienhart,Defender,13.105805
18579,M. Halstenberg,Defender,14.006735
282799,S. Posch,Defender,13.948434
25589,L. San\u00e9,Defender,13.743483
8268,B. Assou-Ekotto,Defender,14.0255375
21578,G. Di Chiara,Defender,15.472562
21162,P. Cannavaro,Defender,13.393185
37726,C. Mbemba,Defender,13.982317
8186,S. Dann,Defender,13.785107
137048,S. Simi\u010d,Defender,13.583441
22614,F. Lucioni,Defender,13.580474
65254,K. Wimmer,Defender,13.8587675
8553,W. Reid,Defender,13.545006
3644,Bigas,Defender,14.670311
134951,L. Lacroix,Defender,13.612148
25452,S. Corchia,Defender,15.3640175
25784,A. Abdennour,Defender,13.523698
3468,Juan Cala,Defender,13.608416
7892,David Luiz,Defender,14.596901
64966,M. Suttner,Defender,14.344825
38079,D. Opare,Defender,14.991121
25878,T. Heurtaux,Defender,13.95226
272338,L. Kl\u00fcnter,Defender,14.433786
278867,S. Janko,Defender,14.639403
83575,V. Chiriche\u0219,Defender,14.106978
228639,Y. Gerhardt,Defender,14.126873
3791,Z. Feddal,Defender,13.996024
8004,C. Clark,Defender,13.752585
8516,P. Bardsley,Defender,14.157517
8362,G. McAuley,Defender,13.563294
9164,C. Taylor,Defender,14.718425
70085,E. Mangala,Defender,14.30038
298212,Dalbert,Defender,14.659526
189821,M. Zeegelaar,Defender,15.079245
15449,M. Mavraj,Defender,14.585384
286825,J. Kenny,Defender,14.495306
49979,D. Pavlovic,Defender,13.393185
20609,A. Costa,Defender,14.034181
224965,R. Framberger,Defender,14.732532
70981,Mar\u00e7al,Defender,15.102692
20866,D. Astori,Defender,14.371966
27958,T. Pellenard,Defender,13.982424
3436,Javi Manquillo,Defender,13.415544
340,Cuco Martina,Defender,13.917648
77546,A. Williams,Defender,13.389111
397168,T. Fosu-Mensah,Defender,13.264003
22677,G. Angella,Defender,14.514222
292654,M. Diakhaby,Defender,13.85702
21173,C. Maggio,Defender,15.581195
340476,R. Oxford,Defender,14.576235
223516,R. Bauer,Defender,14.018352
4086,B\u00f3veda,Defender,14.5462885
26055,J. Ielsch,Defender,14.139573
70711,Mexer,Defender,13.444588
25846,Y. Andreu,Defender,13.772552
7855,L. Koscielny,Defender,14.09085
339964,Y. Salmier,Defender,14.118324
14888,D. Diekmeier,Defender,13.720838
355937,M. Holgate,Defender,14.56858
8005,J. Collins,Defender,13.224251
8944,B. Mee,Defender,13.2966
240559,J. Riedewald,Defender,15.607942
26332,P. Baysse,Defender,14.366351
278007,F. Ricca,Defender,14.294183
21160,M. Britos,Defender,13.110292
328488,P. Burner,Defender,14.54962
20575,D. Basta,Defender,15.341038
1712,K. Tete,Defender,14.639778
8460,A. Smith,Defender,15.122785
58978,G. Cameron,Defender,13.697876
15019,T. Jantschke,Defender,14.927948
97555,T. Tawatha,Defender,13.412611
25625,L. Baal,Defender,14.197298
14870,J. Matip,Defender,13.653073
112377,O. Vizcarrondo,Defender,12.975839
20395,M. De Sciglio,Defender,14.690603
260250,Wallace,Defender,14.802705
7958,M. Kelly,Defender,13.548357
20932,M. Nastasi\u0107,Defender,13.837689
272434,W. Anton,Defender,13.89117
15772,M. Ostrzolek,Defender,14.539841
26024,W. Lautoa,Defender,13.722624
246059,E. Goldaniga,Defender,13.568137
14724,D. Alaba,Defender,14.84437
14887,J. Bruma,Defender,14.1021595
25457,J. Roussillon,Defender,14.726065
396616,R. Pierre-Gabriel,Defender,15.7171545
32577,Sidnei,Defender,13.595154
354123,Pol Lirola,Defender,14.027316
20637,B. Cesar,Defender,13.46217
300373,A. Barreca,Defender,14.861005
14688,S. Pr\u00f6dl,Defender,13.600975
25785,S. Aurier,Defender,15.041173
365441,R. van Drongelen,Defender,13.477751
3642,Ramis,Defender,13.963863
25990,M. Deplagne,Defender,14.603772
20869,N. Murru,Defender,13.478836
4936,David Sim\u00f3n,Defender,16.552853
15798,A. Beck,Defender,15.100695
149389,J. Toljan,Defender,14.482651
4792,Patric,Defender,14.6184635
20393,D. Bonera,Defender,13.690319
402898,S. Miangue,Defender,16.281372
14803,S. Bender,Defender,13.743869
26021,S. Falette,Defender,13.833781
173212,N. Stark,Defender,14.0651865
15719,B. H\u00fcbner,Defender,13.425025
20680,F. S\u00f8rensen,Defender,14.155564
270866,Diego Carlos,Defender,13.364193
3526,M. Musacchio,Defender,13.752812
209207,J. Obiang,Defender,14.239793
14855,B. H\u00f6wedes,Defender,14.41698
77,N. Moisander,Defender,13.880926
20461,G. Chiellini,Defender,14.383519
341751,Marc Navarro,Defender,15.459486
300784,Jorge,Defender,15.525238
272378,P. Stenzel,Defender,14.125608
283832,F. Romagna,Defender,13.701361
3347,Sergi Roberto,Defender,13.850091
25701,L. Digne,Defender,14.577254
86716,M. Dos Santos,Defender,13.424534
4326,Tito,Defender,14.450113
346913,G. Mancini,Defender,13.594391
279533,Mario Hermoso,Defender,13.77031
4780,David Junc\u00e0,Defender,13.436711
3885,L. Cabrera,Defender,14.408526
20929,A. Gamberini,Defender,13.73166
50805,F. Helander,Defender,13.909319
3340,Muniesa,Defender,13.493947
225022,Rub\u00e9n Duarte,Defender,14.133339
350976,B. Chilwell,Defender,16.075708
4003,Miguel Torres,Defender,14.150933
278049,E. Cabaco,Defender,13.535895
364772,C. Awaziem,Defender,13.530089
18974,J. Brooks,Defender,14.270694
149091,M. Tisserand,Defender,13.926826
6513,Ra\u00fal Garc\u00eda,Defender,14.546842
26374,C. Varrault,Defender,14.0198345
4094,Ander Capa,Defender,14.7748575
74,R. Klavan,Defender,14.411242
257899,J. Gomez,Defender,14.681074
7914,J. Evans,Defender,14.079944
275121,J. Torunarigha,Defender,13.868631
344864,C. S\u00f6y\u00fcnc\u00fc,Defender,14.001864
296341,Bernardo,Defender,14.44485
15069,W. Orban,Defender,13.861568
15139,T. Chandler,Defender,13.974277
3281,Juan Bernat,Defender,16.464027
3351,Kiko Femen\u00eda,Defender,15.05691
326535,Toni Lato,Defender,14.084137
3276,A. Rami,Defender,14.450593
25710,A. Soumaoro,Defender,14.332843
44510,Vitor Hugo,Defender,13.640131
258253,B. Henrichs,Defender,14.757582
228768,J. Tah,Defender,14.086327
25526,J. Martins-Pereira,Defender,15.710764
29474,R. Thomas,Defender,13.695052
4786,Iv\u00e1n Balliu,Defender,14.384954
282438,Aar\u00f3n,Defender,13.440728
40538,Leandro Cast\u00e1n,Defender,13.607572
7957,G. Johnson,Defender,14.057364
134,B. Martins Indi,Defender,13.444102
131184,Ali Adnan,Defender,14.873913
269188,P. Jaroszy\u0144ski,Defender,14.10496
49857,A. Ajeti,Defender,13.393185
25993,Hilton,Defender,13.943521
22270,G. Ferrari,Defender,14.124769
341973,N. Mukiele,Defender,15.545651
393228,M. Sarr,Defender,13.417038
356928,T. Handwerker,Defender,15.675697
4355,David Garc\u00eda,Defender,14.233617
3334,Dani Alves,Defender,14.158332
38532,E. Zukanovi\u0107,Defender,13.350399
20776,L. Rossettini,Defender,13.52717
3750,Balenziaga,Defender,14.943225
14988,O. Sorg,Defender,14.102241
15952,E. Bi\u010dak\u010di\u0107,Defender,13.29405
82487,P. Kade\u0159\u00e1bek,Defender,14.628403
16884,J. Korb,Defender,13.850479
410055,Rober,Defender,13.240726
3920,Pedro L\u00f3pez,Defender,13.511365
4908,Alberto Moreno,Defender,15.255871
15122,D. Maroh,Defender,13.8981
49856,D. Abraham,Defender,13.632369
337682,F. Uduokhai,Defender,13.711879
275384,Jorge Mer\u00e9,Defender,14.0434885
221411,P. Max,Defender,14.726769
15806,J. Vestergaard,Defender,14.090697
15775,P. Verhaegh,Defender,14.214589
8221,J. Ward,Defender,14.490729
9279,S. Francis,Defender,14.154142
20855,E. Schelotto,Defender,15.923747
8501,J. Schlupp,Defender,14.944435
278288,Aritz Elustondo,Defender,13.878038
92966,K. Manolas,Defender,13.5165825
44251,Bruno Peres,Defender,14.683328
215869,M. Bani,Defender,13.541236
21607,F. Cacciatore,Defender,15.412395
20518,Juan Jesus,Defender,13.309756
8336,K. Naughton,Defender,14.990432
14885,D. Aogo,Defender,13.667982
344132,T. Hern\u00e1ndez,Defender,15.475457
344178,P. Retsos,Defender,14.08699
20677,A. Raggi,Defender,14.44484
25937,F. Bellugou,Defender,13.804169
25392,B. Kon\u00e9,Defender,14.573758
25919,J. Palmieri,Defender,15.100349
14990,F. Diagne,Defender,13.552346
30320,O. El Hajjam,Defender,14.720061
3916,G. Cabral,Defender,13.899445
7982,D. Santon,Defender,13.442046
4232,Pedro Alcal\u00e1,Defender,13.419605
3856,Molinero,Defender,13.871744
3974,D. Su\u00e1rez,Defender,14.257013
21280,M. Sampirisi,Defender,13.393185
192,J. Vukovi\u0107,Defender,13.419679
388398,G. Pezzella,Defender,14.684022
14904,J. Sala,Defender,14.565104
257028,D. Calabria,Defender,13.87956
3531,C. Zapata,Defender,14.5542555
284960,L. Venuti,Defender,14.442229
20811,M. Silvestre,Defender,13.622785
7915,P. Evra,Defender,14.734377
235450,A. Diallo,Defender,14.485334
4358,Laguardia,Defender,14.328489
3560,Nacho Monreal,Defender,14.374256
171283,C. Chambers,Defender,13.329654
7938,A. Valencia,Defender,15.36776
22313,V. Laurini,Defender,14.277829
14778,\u00d6. Toprak,Defender,14.130352
14687,S. Papastathopoulos,Defender,14.253867
41363,Gabriel,Defender,13.571533
3339,Montoya,Defender,14.595296
14745,C. Molinaro,Defender,13.964424
134540,L. Kurzawa,Defender,14.1928625
135901,Pedro Rebocho,Defender,15.106175
136441,B. Davies,Defender,14.024708
3270,Barrag\u00e1n,Defender,14.244871
364850,J. Firpo,Defender,14.117128
25534,I. Cissokho,Defender,13.921827
7922,C. Smalling,Defender,14.166544
3667,De La Bella,Defender,15.773375
3278,Bruno Saltor,Defender,14.741324
225996,Diego Llorente,Defender,14.087044
21095,M. Darmian,Defender,13.785009
209012,K\u00e9vin Rodrigues,Defender,15.1216755
454,P. van Aanholt,Defender,14.1316395
8554,J. Tomkins,Defender,13.339289
8731,R. Shawcross,Defender,13.408217
25430,M. Sakho,Defender,14.496929
25854,K. Zouma,Defender,13.668036
107,E. Pieters,Defender,14.44321
49971,M. Bauer,Defender,14.513287
65075,M. Hinteregger,Defender,14.0616
343685,William,Defender,14.889966
14800,M. Schmelzer,Defender,15.391368
14775,B. Oczipka,Defender,14.434145
110,J. Willems,Defender,14.786447
21469,G. Donati,Defender,13.383858
258252,L. Klostermann,Defender,13.870727
15399,D. Brosinski,Defender,14.190888
8309,K. Rekik,Defender,13.528621
216074,C. G\u00fcnter,Defender,15.512325
14923,M. Russ,Defender,13.784532
70139,E. Ins\u00faa,Defender,14.896235
134392,K. Akpoguma,Defender,14.305516
221172,A. Hack,Defender,13.592749
337890,M. Mittelst\u00e4dt,Defender,14.1762295
32959,P. Pekar\u00edk,Defender,15.870865
366217,K. Danso,Defender,14.358284
15103,F. Lustenberger,Defender,14.01834
99410,M. Kami\u0144ski,Defender,13.3429575
14718,Rafinha,Defender,14.896675
50800,Miiko Albornoz,Defender,14.270259
352988,D. Upamecano,Defender,13.934544
11095,M. Veljkovic,Defender,14.440938
391441,M. Friedl,Defender,14.413187
14857,K. Papadopoulos,Defender,13.953041
15014,O. Wendt,Defender,14.29632
241966,G. Jung,Defender,14.478009
14689,Naldo,Defender,13.713749
16843,D. Heintz,Defender,13.523557
236528,N. Elvedi,Defender,13.74505
235606,T. Kehrer,Defender,13.622794
14715,H. Badstuber,Defender,13.602966
82340,T. Gebre Selassie,Defender,13.979769
235597,T. Baumgartl,Defender,14.289241
14917,R. Knoche,Defender,13.452796
18670,L. K\u00fcbler,Defender,14.668234
19720,M. Gulde,Defender,14.627035
15771,S. Langkamp,Defender,13.80696
15178,S. Bell,Defender,13.4508705
336829,R. Koch,Defender,14.004514
135788,J. Elez,Defender,13.383858
146569,M. Kempf,Defender,14.04483
284524,J. Horn,Defender,14.556828
14772,D. da Costa,Defender,14.898455
393247,I. Konat\u00e9,Defender,14.033812
14991,M. Ginter,Defender,13.889592
143566,Douglas Santos,Defender,15.731574
159,J. Gouweleeuw,Defender,14.116241
40657,Wendell,Defender,14.785471
14842,K. Vogt,Defender,14.243939
49859,A. Dragovi\u0107,Defender,13.895811
8360,C. Dawson,Defender,13.170975
9403,C. Cathcart,Defender,14.154508
7853,K. Gibbs,Defender,13.443141
8889,A. Mariappa,Defender,13.905581
9285,C. Daniels,Defender,14.341377
21164,F. Fern\u00e1ndez,Defender,13.716185
9277,S. Cook,Defender,13.237323
284,M. van der Hoorn,Defender,14.009289
160,D. Janmaat,Defender,14.573206
68085,C. Kabasele,Defender,13.690061
134102,N. Ak\u00e9,Defender,13.815084
5281,A. Nyom,Defender,14.077137
92899,J. Holebas,Defender,13.989656
3671,\u00cd\u00f1igo Mart\u00ednez,Defender,14.285719
3408,Saborit,Defender,15.023708
230862,Lekue,Defender,15.594443
20390,I. Abate,Defender,14.486949
8239,L. Baines,Defender,13.910613
8240,S. Coleman,Defender,15.815878
7919,M. Keane,Defender,14.547302
7302,Albentosa,Defender,13.460555
8245,P. Jagielka,Defender,14.286769
211853,R\u00faben Vezo,Defender,13.896206
21373,S. Romagnoli,Defender,14.0293455
92908,V. Torosidis,Defender,14.124145
70112,E. Garay,Defender,13.5528345
22377,I. M'baye,Defender,13.528214
3466,Alexis,Defender,14.303715
7857,Miquel,Defender,13.697386
254,R. Rosales,Defender,14.502298
50069,S. Widmer,Defender,14.848703
11078,T. Smith,Defender,13.641435
9280,S. Malone,Defender,13.81991
222766,Bruno Gaspar,Defender,13.944786
376362,Luiz Felipe,Defender,14.242342
21072,N. Spolli,Defender,13.482284
20429,N. Burdisso,Defender,13.26296
20434,A. Rosi,Defender,13.982193
263432,F. Vicari,Defender,13.463577
208865,Bastos,Defender,14.62308
86366,J. Palomino,Defender,13.437055
41034,Rafael Tol\u00f3i,Defender,13.680187
20723,B. Salamon,Defender,13.414484
37745,J. Lukaku,Defender,14.143748
21550,Gabriel Silva,Defender,15.089287
146590,F. Mattiello,Defender,13.79691
20841,A. Masiello,Defender,13.876401
102,Marcelo,Defender,13.767332
290119,M. Niakhat\u00e9,Defender,14.342971
26528,R. Genevois,Defender,15.16954
28528,J. Ikoko,Defender,14.169598
203113,I. Sylla,Defender,15.335888
49919,F. Moubandje,Defender,13.600024
286915,F. Eboa Eboa,Defender,14.20174
25637,R. Danz\u00e9,Defender,14.415693
25791,S. Yago,Defender,13.484089
29748,F. Chafik,Defender,14.206445
25947,B. Sankoh,Defender,13.364866
229427,A. Djiku,Defender,13.9961815
26138,J. Rivierez,Defender,13.803737
426702,H. Mendyl,Defender,14.733149
222220,A. Robertson,Defender,14.63444
167145,Beller\u00edn,Defender,14.5372095
22889,D. Zappacosta,Defender,13.430131
10108,K. Long,Defender,13.365471
8032,Marcos Alonso,Defender,14.672569
370,V. van Dijk,Defender,13.814511
9433,J. Tarkowski,Defender,14.293662
8643,M. Lowton,Defender,14.570288
8433,S. Ward,Defender,13.959895
20842,F. Peluso,Defender,13.575115
267185,C. Dell'Orco,Defender,13.173323
4238,M\u00edchel,Defender,14.597045
20803,M. Aguirregaray,Defender,15.563586
20636,M. Andreolli,Defender,13.687587
70088,Rolando,Defender,14.003923
5653,M. Mantovani,Defender,12.554571
3460,Coke,Defender,15.257523
93003,D. Siovas,Defender,13.759288
6365,Bustinza,Defender,14.681007
6281,Zald\u00faa,Defender,15.169341
213124,Chema,Defender,13.619961
3496,Sergio Postigo,Defender,13.579065
246866,A. Mawson,Defender,14.008177
7885,R. Bertrand,Defender,13.74005
8136,J. Stephens,Defender,13.759456
268776,W. Hoedt,Defender,13.628714
3534,Jaume Costa,Defender,14.217636
3277,V\u00edctor Ru\u00edz,Defender,13.7201185
15215,C. Schindler,Defender,13.1058035
132,T. Kongolo,Defender,13.120586
14853,C. Fuchs,Defender,15.112302
14796,C. L\u00f6we,Defender,13.3441725
282550,F. Hadergjonaj,Defender,13.079627
370224,R. Holding,Defender,14.030956
14748,A. R\u00fcdiger,Defender,13.949552
25553,Azpilicueta,Defender,15.286377
149019,D. Simpson,Defender,13.692425
20612,S. Mustafi,Defender,14.263486
8488,W. Morgan,Defender,13.532122
14869,S. Kola\u0161inac,Defender,14.537626
3523,F. Lejeune,Defender,13.789827
8242,S. Duffy,Defender,13.517776
134502,A. Laporte,Defender,14.399095
7978,P. Dummett,Defender,14.125215
252365,D. Yedlin,Defender,14.570978
8833,J. Lascelles,Defender,14.282416
26136,B. Mendy,Defender,15.295711
26495,G. Bong,Defender,14.704402
9097,L. Dunk,Defender,13.883384
14852,Sergio Escudero,Defender,15.209024
21100,A. Ogbonna,Defender,13.555759
8313,P. Zabaleta,Defender,14.845675
26499,A. Masuaku,Defender,15.042002
379209,D. Rice,Defender,14.937725
256998,E. Bailly,Defender,13.416835
8135,L. Shaw,Defender,14.823693
8582,A. Cresswell,Defender,14.289859
25883,J. Sorbon,Defender,13.516832
25943,C. Kerbrat,Defender,13.7511425
214628,J. Amavi,Defender,14.887587
169002,Diego Rico,Defender,14.799822
3828,Ra\u00fal Navas,Defender,14.341435
20808,E. Mu\u00f1oz,Defender,13.722837
278289,Odriozola,Defender,15.543704
134383,N. S\u00fcle,Defender,14.426977
15125,M. Plattenhardt,Defender,14.140793
14749,G. Sakai,Defender,14.544956
212604,T. Jedvaj,Defender,14.326695
3970,G\u00e1lvez,Defender,14.110544
3692,Bernardo Espinosa,Defender,13.740025
20436,Jos\u00e9 \u00c1ngel,Defender,14.170877
3788,Jordi Amat,Defender,13.427953
489488,Mart\u00edn,Defender,13.95023
344068,Unai N\u00fa\u00f1ez,Defender,14.357646
230857,Yeray,Defender,14.2264
5677,Bruno,Defender,13.808333
224080,G. Marip\u00e1n,Defender,13.770116
208694,Rodrigo Ely,Defender,13.688231
3421,De Marcos,Defender,15.45063
4180,Lomb\u00e1n,Defender,13.577766
3407,Ramalho,Defender,13.731452
4892,Jos\u00e9 Gay\u00e1,Defender,14.2485075
4272,Ximo Navarro,Defender,13.591561
134503,C. Lenglet,Defender,13.5304365
56009,R. Durmisi,Defender,14.325606
4805,Arbilla,Defender,13.237588
3335,Bartra,Defender,13.92674
70507,Paulo Oliveira,Defender,13.48634
8311,S. Savi\u0107,Defender,14.236466
4360,Juanpe,Defender,13.58252
4371,Dani Castellano,Defender,14.112395
26307,A. Mandi,Defender,13.864377
250805,Djen\u00e9,Defender,13.824579
93000,Antunes,Defender,16.16594
3447,Juanfran,Defender,13.6777
4065,J. Murillo,Defender,14.326447
6210,Aday,Defender,16.130678
263105,Pablo Maffeo,Defender,14.95716
24838,G. Letizia,Defender,15.985918
22883,A. Izzo,Defender,14.009621
85113,A. To\u0219ca,Defender,14.323201
206318,D. Biraschi,Defender,15.212914
50007,B. Djimsiti,Defender,14.97668
7858,B. Sagna,Defender,15.444297
3695,\u00c1lvaro Gonz\u00e1lez,Defender,13.471166
3465,Fernando Navarro,Defender,13.757448
3529,Mario,Defender,14.35073
70451,Luisinho,Defender,16.230465
3325,Juanfran,Defender,16.244131
25700,M. Debuchy,Defender,14.530162
25643,K. Th\u00e9ophile Catherine,Defender,14.425862
15010,Dante,Defender,13.795054
25864,L. Perrin,Defender,14.382527
25641,K. Mangane,Defender,13.848525
25638,D. Foulquier,Defender,14.60512
25557,J. Morel,Defender,14.15872
276979,F. Mendy,Defender,14.112068
266286,Marlon,Defender,13.538188
29616,P. Martinez,Defender,13.708893
29588,E. Seka,Defender,14.550582
149101,A. Tour\u00e9,Defender,14.961529
215281,A. Mbengue,Defender,15.79803
26633,A. Souquet,Defender,14.332152
26498,K. Lala,Defender,14.865196
26399,D. Da Silva,Defender,14.008063
26135,M. Le Marchand,Defender,14.883183
263766,Jemerson,Defender,13.584219
14801,N. Suboti\u0107,Defender,13.84884
28908,F. Guilbert,Defender,15.019742
7920,Rafael,Defender,14.123223
86183,F. Roncaglia,Defender,14.053527
21094,D. D'Ambrosio,Defender,14.416106
20519,A. Ranocchia,Defender,13.963913
3338,Sergi G\u00f3mez,Defender,13.569287
417231,C. Adjapong,Defender,13.59564
292991,M. Lemos,Defender,13.306061
3827,Hugo Mallo,Defender,14.58261
4424,Jonny,Defender,14.403211
20635,F. Acerbi,Defender,13.626238
135903,Jo\u00e3o Cancelo,Defender,15.136043
138408,M. \u0160kriniar,Defender,14.2561455
403449,Rog\u00e9rio,Defender,14.834543
366581,J. Gnagnon,Defender,13.619408
4452,Yuri Berchiche,Defender,14.931585
3308,Pedro Mendes,Defender,14.477019
242446,L. Dubois,Defender,14.821369
286917,F. Tour\u00e9,Defender,13.417812
286380,I. Diop,Defender,13.977572
334720,R. Bensebaini,Defender,14.043324
477744,N. Cozza,Defender,14.802171
301013,J. Gelin,Defender,13.704833
105523,Danilo Avelar,Defender,14.162415
215036,C. Yamber\u00e9,Defender,14.982189
372904,K. Dabila,Defender,13.539888
214710,B. Dibassy,Defender,14.443852
213308,J. Alonso,Defender,13.417812
144867,K. Malcuit,Defender,15.083333
144884,C. Jullien,Defender,13.963221
228963,H. Traor\u00e9,Defender,14.203942
410062,J. Kound\u00e9,Defender,15.0810795
25523,K. Djidji,Defender,13.821515
28335,R. Aguilar,Defender,15.771359
41127,Pablo,Defender,13.682285
26368,A. Bamba,Defender,14.059999
366563,V. Selimovic,Defender,13.887397
393284,C. Traor\u00e9,Defender,13.72087
352986,K. Amian,Defender,14.719653
40301,Lucas Lima,Defender,14.237838
26276,N. Pallois,Defender,13.858853
26945,M. Poundj\u00e9,Defender,15.142033
69525,M. Pavlovi\u0107,Defender,13.839244
26433,J. Cordoval,Defender,15.014746
26134,P. Gouano,Defender,13.453395
393214,V. Rosier,Defender,15.117581
26086,I. Traor\u00e9,Defender,13.494682
25957,K. Ad\u00e9non,Defender,13.70814
25786,D. Congr\u00e9,Defender,13.9710455
70959,Edgar I\u00e9,Defender,13.871558
25399,M. Zeffane,Defender,14.514239
29291,J. Giraudon,Defender,13.289239
25433,M. Bodmer,Defender,14.761915
28314,C. H\u00e9relle,Defender,13.498223
25524,P. Djilobodji,Defender,13.621305
26265,V. Manceau,Defender,14.915786
22093,A. Caracciolo,Defender,13.854941
20516,D. Faraoni,Defender,14.532778
22185,B. Martella,Defender,15.283343
20927,L. De Silvestri,Defender,14.502957
26373,S. Souprayen,Defender,14.24326
232822,A. Masina,Defender,14.351582
394,B. Nuytinck,Defender,13.450105
248950,Samir,Defender,13.596948
263433,A. Ferrari,Defender,13.90925
130,S. de Vrij,Defender,14.829753
25558,N. N'Koulou,Defender,14.4351425
20495,M. Gobbi,Defender,14.336289
22732,F. Pisacane,Defender,13.136643
21842,C. Biraghi,Defender,15.634668
21639,L. Ceppitelli,Defender,13.366406
86328,G. Pezzella,Defender,13.940864
99661,T. Cionek,Defender,13.4916115
101742,C. Ansaldi,Defender,15.21187
20748,N. Tomovi\u0107,Defender,14.075933
20707,S. De Maio,Defender,14.9642935
20638,D. Dainelli,Defender,14.091347
92900,C. Lykogiannis,Defender,13.67108
134420,F. Costa,Defender,13.939174
20928,Felipe,Defender,13.397351
21528,F. Ceccherini,Defender,13.610922
21370,M. Capuano,Defender,14.292519
20550,\u015e. Radu,Defender,14.468496
20583,Danilo,Defender,13.264687
21279,E. Moretti,Defender,14.47984
346101,T. Alexander-Arnold,Defender,15.505367
70083,Danilo,Defender,14.628918
7887,G. Cahill,Defender,13.977241
5472,Luis Hern\u00e1ndez,Defender,13.568783
41124,Naldo,Defender,13.540698
3806,Javi L\u00f3pez,Defender,15.160079
3798,D\u00eddac Vil\u00e1,Defender,15.194227
4303,David L\u00f3pez,Defender,14.368788
247169,Diego Gonz\u00e1lez,Defender,14.115685
288663,M. Caldara,Defender,13.571903
20459,L. Bonucci,Defender,13.748341
280419,H. Hateboer,Defender,13.65383
263803,T. Castagne,Defender,13.725716
146588,A. Romagnoli,Defender,13.469461
295176,R. Gosens,Defender,14.394176
21004,V. Regini,Defender,14.114063
21001,E. Hysaj,Defender,14.291265
22107,M\u00e1rio Rui,Defender,15.158015
20458,A. Barzagli,Defender,13.961859
3300,Albiol,Defender,13.861873
134427,D. Rugani,Defender,13.544437
3464,Luna,Defender,14.017382
222770,N\u00e9lson Semedo,Defender,14.866102
70084,Alex Sandro,Defender,14.634677
231138,P. Kimpembe,Defender,14.773462
40539,Marquinhos,Defender,14.0982275
26196,D. Sidib\u00e9,Defender,14.497852
120717,O. Haddadi,Defender,15.202212
3463,F. Fazio,Defender,13.725723
20579,M. Benatia,Defender,14.089453
3304,Nacho,Defender,14.128214
15214,A. Rukavina,Defender,13.831861
125250,\u00d3. Duarte,Defender,14.302655
14795,M. Hummels,Defender,14.036322
14716,J. Boateng,Defender,15.526051
14798,\u0141. Piszczek,Defender,14.688234
119951,Ahmed Hegazy,Defender,13.352463
396475,A. Hakimi,Defender,14.6491375
70389,C\u00e9dric Soares,Defender,14.4573965
56026,J. Stryger Larsen,Defender,14.292614
125286,G. Gonz\u00e1lez,Defender,13.325093
54451,B. S\u00e6varsson,Defender,14.542157
55983,R. Sigur\u00f0sson,Defender,13.296979
16443,L. Balogun,Defender,13.65527
50102,F. Sch\u00e4r,Defender,14.469932
424241,N. Milenkovi\u0107,Defender,13.605702
8306,A. Kolarov,Defender,14.437457
20465,S. Lichtsteiner,Defender,14.062211
3795,H. Moreno,Defender,14.263575
18669,J. Hector,Defender,13.997719
224593,J. Kimmich,Defender,16.652403
28529,Y. Sabaly,Defender,14.633147
25726,K. Koulibaly,Defender,13.49153
26115,S. San\u00e9,Defender,14.120602
240032,J. Bednarek,Defender,13.348119
21097,K. Glik,Defender,14.664312
99833,B. Bereszy\u0144ski,Defender,14.164126
4501,Daniel Carvajal,Defender,15.682937
8126,Jos\u00e9 Fonte,Defender,13.786839
3269,Jordi Alba,Defender,14.5436945
3341,Piqu\u00e9,Defender,14.345652
3306,Sergio Ramos,Defender,13.96358
28907,Rapha\u00ebl Guerreiro,Defender,14.665736
3305,Pepe,Defender,13.643843
20433,S. Kj\u00e6r,Defender,13.589944
55979,M. J\u00f8rgensen,Defender,13.769103
135103,A. Christensen,Defender,13.409227
3355,J. Mascherano,Defender,15.124271
101652,M. Rojo,Defender,14.051641
70086,N. Otamendi,Defender,15.096073
86220,G. Mercado,Defender,14.841258
255387,C. Salcedo,Defender,14.452642
112366,M. Lay\u00fan,Defender,14.842694
3434,Filipe Luis,Defender,14.341647
14922,R. Rodr\u00edguez,Defender,15.324177
3310,Marcelo,Defender,13.467458
297957,M. Akanji,Defender,14.138846
703,M. Yoshida,Defender,14.1794815
256634,Y. Mina,Defender,14.433645
20517,Y. Nagatomo,Defender,14.374676
257762,D. S\u00e1nchez,Defender,13.689409
91702,J. Mojica,Defender,14.277281
94695,H. Sakai,Defender,14.098947
7918,P. Jones,Defender,14.331311
20460,M. C\u00e1ceres,Defender,14.23468
227894,J. Gim\u00e9nez,Defender,12.958585
3433,D. God\u00edn,Defender,13.777132
101583,S. Ignashevich,Defender,13.316737
3431,Jo\u00e3o Miranda,Defender,13.7331505
20394,Thiago Silva,Defender,14.028776
8192,M. Olsson,Defender,14.006201
51064,E. Krafth,Defender,13.433291
51217,L. Augustinsson,Defender,14.060652
71703,V. Lindel\u00f6f,Defender,13.429382
21275,A. Granqvist,Defender,13.489316
7860,T. Vermaelen,Defender,13.923474
37824,T. Meunier,Defender,13.994312
8277,K. Walker,Defender,14.471648
7939,A. Young,Defender,14.951521
14771,V. \u0106orluka,Defender,13.468523
3309,R. Varane,Defender,13.88397
340646,B. Pavard,Defender,14.782837
8307,V. Kompany,Defender,14.245089
279545,L. Hern\u00e1ndez,Defender,14.248463
36,T. Alderweireld,Defender,15.809958
48,J. Vertonghen,Defender,14.343118
25397,S. Umtiti,Defender,13.640086
69409,\u0160. Vrsaljko,Defender,15.100173
69396,D. Vida,Defender,13.291701
25393,D. Lovren,Defender,13.606091
8292,D. Rose,Defender,14.899035
8653,H. Maguire,Defender,14.422936
9380,J. Stones,Defender,13.35324
105361,I. Strini\u0107,Defender,15.067985
8945,K. Trippier,Defender,14.041114
6914,\u00c1lex Alegr\u00eda,Forward,19.55127
15503,F. Niederlechner,Forward,21.158518
274970,A. Mendy,Forward,19.395426
20476,M. Borriello,Forward,20.709427
658,S. Armenteros,Forward,21.449972
20420,Z. Ibrahimovi\u0107,Forward,19.49773
25472,C. Bakambu,Forward,19.670391
254649,T. Asano,Forward,20.891254
217878,L. Diony,Forward,20.293877
38436,C. Santos,Forward,19.267954
50272,O. Kayode,Forward,18.397322
99423,A. Tonev,Forward,19.064228
134484,A. Ciciretti,Forward,20.39756
48318,Jonathan Cafu,Forward,22.075415
137161,G. Pu\u015fca\u015f,Forward,19.585657
3657,T. Hemed,Forward,22.74654
134351,B. Afobe,Forward,19.717924
4048,Sergi Enrich,Forward,20.45823
259946,A. Pe\u00f1aranda,Forward,20.552681
263490,S. Guirassy,Forward,21.211136
471,W. Bony,Forward,19.195755
231139,K. Coman,Forward,23.136095
21322,M. D'Alessandro,Forward,20.629461
69513,A. Budimir,Forward,19.828857
410031,M. Kean,Forward,21.419256
215130,Nuno Da Costa,Forward,20.976215
20663,C. Th\u00e9r\u00e9au,Forward,22.561773
105619,A. Mehmedi,Forward,21.082905
15877,A. Hahn,Forward,19.073177
3326,Jes\u00e9 Rodr\u00edguez,Forward,20.182926
393881,H. Toledo,Forward,18.982742
8677,M. Antonio,Forward,21.517342
86239,G. Carrillo,Forward,19.93709
49907,R. Bobadilla,Forward,19.707418
21119,R. Meggiorini,Forward,19.005392
20450,Bojan,Forward,23.761707
15198,E. Choupo-Moting,Forward,19.344957
26547,B. Ketkeophomphone,Forward,20.60382
20948,S. Joveti\u0107,Forward,22.482824
9532,S. Berahino,Forward,19.38365
16122,E. Kachunga,Forward,19.140717
253784,B. Guillaume,Forward,17.78281
26069,H. Bazile,Forward,22.086432
372753,Francis Guerrero,Forward,23.524536
412701,I. Sacko,Forward,18.553818
20728,Jonathas,Forward,20.453247
28073,S. Ngom,Forward,20.673456
20662,S. Pellissier,Forward,18.715036
23149,G. Defrel,Forward,20.930237
255670,C. Lombardi,Forward,21.037271
328131,C. Akolo,Forward,23.102346
230687,E. Berggreen,Forward,20.554102
1751,O. Tannane,Forward,22.501343
293687,D. Calvert-Lewin,Forward,23.462477
20505,S. Okaka,Forward,18.973837
256480,B. Keita,Forward,19.11734
246175,A. Petagna,Forward,19.178413
491365,J. Arp,Forward,19.499126
394006,M. Terrier,Forward,23.634945
101795,L. Traor\u00e9,Forward,18.952969
90880,S. Mendoza,Forward,22.986952
149054,W. Sa\u00efd,Forward,20.811607
22020,A. Galabinov,Forward,22.80362
20857,M. Gabbiadini,Forward,20.866636
15543,S. Zoller,Forward,21.378149
16436,C. Quaner,Forward,20.182985
284322,E. Ponce,Forward,19.60071
26124,B. Jeannot,Forward,21.221704
344744,J. Ikon\u00e9,Forward,19.48162
26008,S. Camara,Forward,20.742575
254189,Ivi,Forward,24.190784
50461,A. Sadiku,Forward,19.354841
20692,I. Belfodil,Forward,19.105324
259292,F. Di Francesco,Forward,21.967262
5268,Sergio Le\u00f3n,Forward,19.685616
15051,L. Stindl,Forward,23.775671
285727,L. Dimata,Forward,19.818785
3475,D. Perotti,Forward,24.325607
281255,E. Mor,Forward,19.250418
338249,Gil Dias,Forward,20.555244
20478,A. Matri,Forward,19.564205
28965,O. Nguette,Forward,19.64903
276978,A. Diakhaby,Forward,20.104792
26044,G. Sunu,Forward,20.123613
82266,L. Krej\u010d\u00ed,Forward,18.478764
20422,Maxi L\u00f3pez,Forward,19.864664
86243,D. Zapata,Forward,19.383091
24964,M. Pucciarelli,Forward,21.170944
27955,G. Laborde,Forward,20.514727
343925,D. Verde,Forward,19.637877
167119,Sabin Merino,Forward,19.498415
7944,W. Rooney,Forward,24.37758
119630,I. Slimani,Forward,20.135933
165431,K. Karaman,Forward,23.559038
91519,J. C\u00f3rdoba,Forward,19.96238
65180,M. Gregoritsch,Forward,21.830194
8628,F. Di Santo,Forward,19.988089
271990,L. H\u00f6ler,Forward,23.777723
8296,J. Defoe,Forward,21.497223
7879,T. Walcott,Forward,19.689236
9206,C. Wood,Forward,20.6789
9123,A. Barnes,Forward,22.407974
8686,H. Robson-Kanu,Forward,18.776133
99453,P. Nakoulma,Forward,20.094349
229697,Y. Bammou,Forward,21.820425
265807,Jos\u00e9 Naranjo,Forward,21.428455
15231,K. Volland,Forward,21.300459
25716,N. Roux,Forward,22.91527
131321,C. Kouakou,Forward,19.450459
264989,F. Mubele,Forward,19.854757
22135,P. Iemmello,Forward,20.138084
20503,S. Floccari,Forward,20.626081
373768,R. Orsolini,Forward,19.862791
70975,Bruma,Forward,22.184408
93331,K. Mitroglou,Forward,18.553818
134513,A. Martial,Forward,22.654867
19392,M. Philipp,Forward,19.659458
105622,A. Yarmolenko,Forward,22.94764
21384,C. Immobile,Forward,21.396303
6165,F. Andone,Forward,21.536564
38095,S. Gakp\u00e9,Forward,21.079744
8416,G. Murray,Forward,20.523327
3874,Kike Garc\u00eda,Forward,20.665192
38031,C. Benteke,Forward,20.565638
8747,P. Crouch,Forward,19.842657
15200,\u00c1. Szalai,Forward,20.286541
7904,S. Kalou,Forward,23.059183
14734,N. Petersen,Forward,23.186747
14760,M. Harnik,Forward,20.569656
134399,D. Selke,Forward,20.452003
14762,V. Ibi\u0161evi\u0107,Forward,19.256039
15107,Raffael,Forward,24.275864
86517,P. De Blasis,Forward,20.360025
233910,A. Donis,Forward,18.200893
337960,M. Richter,Forward,21.552753
15292,M. Uth,Forward,20.173342
224801,I. Bebou,Forward,20.51846
15533,M. Terrazzino,Forward,21.785187
388267,L. Bailey,Forward,21.436563
14789,A. Sch\u00fcrrle,Forward,19.579458
86489,L. Alario,Forward,20.424984
14845,D. Ginczek,Forward,19.410116
258254,L. Waldschmidt,Forward,21.91153
239191,M. Rashica,Forward,18.704893
16025,M. Kruse,Forward,20.886911
15232,B. Wood,Forward,19.48135
15085,S. Wagner,Forward,18.698196
134708,D. Origi,Forward,19.570906
16094,S. Terodde,Forward,19.428492
354997,S. C\u00f3rdova,Forward,19.068535
14707,C. Pizarro,Forward,21.631878
25512,S. Haller,Forward,21.266035
14705,N. F\u00fcllkrug,Forward,23.312344
64995,G. Burgstaller,Forward,20.345228
279780,J. Augustin,Forward,23.43129
228765,T. Kleindienst,Forward,19.775839
9637,J. King,Forward,21.6105
8958,J. Rodriguez,Forward,20.074646
8903,T. Deeney,Forward,21.046007
11669,C. Wilson,Forward,20.356869
7970,A. Carroll,Forward,20.161057
10663,A. Gray,Forward,21.55501
7907,D. Sturridge,Forward,18.613878
377071,Richarlison,Forward,18.623993
3348,Deulofeu,Forward,19.280937
245813,L. Mousset,Forward,21.219536
3577,S. Rond\u00f3n,Forward,19.771038
3358,Cristian Tello,Forward,22.982409
225946,A. Sanabria,Forward,19.20475
20949,Ryder Matos,Forward,20.55911
20449,F. Borini,Forward,20.83243
351010,P. Cutrone,Forward,20.487305
11063,Suso,Forward,24.448692
252589,B. Petkovi\u0107,Forward,22.002811
32636,C. Tosun,Forward,19.58606
145692,O. Niasse,Forward,19.745218
250885,Santi Mina,Forward,19.271221
20796,M. Destro,Forward,20.837719
21296,R. Palacio,Forward,21.72452
3875,Borja Bast\u00f3n,Forward,19.81615
105616,B. Ideye,Forward,18.915148
214654,S. Mouni\u00e9,Forward,19.25091
85438,R. Beri\u010d,Forward,19.359285
101635,F. Caicedo,Forward,20.551762
21861,D. Falcinelli,Forward,23.208876
21177,G. Pandev,Forward,19.875353
25445,K. Gameiro,Forward,19.906305
228946,M. Cornet,Forward,23.122164
5167,Mariano D\u00edaz,Forward,20.072615
275032,E. Crivelli,Forward,19.21001
26543,J. Blayac,Forward,19.79605
26327,I. Saadi,Forward,19.492155
286553,A. El Ghazi,Forward,22.128983
25745,A. Delort,Forward,19.424646
28122,Y. Benzia,Forward,23.317026
25741,Y. N'Gbakoto,Forward,19.813856
134512,C. Jean,Forward,19.353022
286831,D. Solanke,Forward,19.978817
9127,S. Vokes,Forward,19.424118
25413,A. Lacazette,Forward,22.49681
20479,F. Quagliarella,Forward,19.328588
22699,A. Ragusa,Forward,19.923815
38094,I. Ezekiel,Forward,22.390512
350032,C. \u00dcnder,Forward,20.719158
21865,M. Sau,Forward,20.542244
28123,C. N'Jie,Forward,23.581623
3937,Roger,Forward,22.762854
26167,C. Beauvue,Forward,19.504665
338201,E. Boateng,Forward,20.400362
8953,C. Austin,Forward,21.330448
25571,J. Ayew,Forward,20.513447
8384,S. Long,Forward,19.545456
343951,T. Abraham,Forward,19.66819
25572,A. Ayew,Forward,21.983849
274435,E. \u00dcnal,Forward,20.247663
277002,F. Diabat\u00e9,Forward,23.990181
25867,P. Aubameyang,Forward,20.34971
3324,\u00c1lvaro Morata,Forward,19.91203
38377,L. Depoitre,Forward,19.824251
3360,Pedro,Forward,21.164354
12536,D. Gayle,Forward,19.6075
230883,Ayoze P\u00e9rez,Forward,20.674965
91381,J. Izquierdo,Forward,22.203026
3327,Joselu,Forward,20.669722
3361,A. S\u00e1nchez,Forward,24.91661
14703,M. Arnautovi\u0107,Forward,20.901493
86338,L. Ocampos,Forward,19.206486
301017,M. Thuram,Forward,21.1456
25411,J. Briand,Forward,20.888073
134494,V. Germain,Forward,20.412321
5481,Guerrero,Forward,21.885271
3576,Juanmi,Forward,20.255775
40770,Willian Jos\u00e9,Forward,21.587212
94764,Y. Muto,Forward,19.920277
258264,L. Jovi\u0107,Forward,22.074076
5147,Choco Lozano,Forward,19.12471
22202,S. Zaza,Forward,20.84277
4131,\u00c1ngel,Forward,19.452585
385273,Charles,Forward,20.096819
5911,Sandro,Forward,19.978413
134249,Rub\u00e9n Sobrino,Forward,18.01277
293862,Nacho Gil,Forward,21.559324
70125,Nolito,Forward,23.171541
3425,Muniain,Forward,22.587042
228902,J. Calleri,Forward,19.88661
266885,M. Olunga,Forward,21.827953
25577,L. R\u00e9my,Forward,19.478159
247141,I\u00f1aki Williams,Forward,20.036783
3605,Jorge Molina,Forward,20.531834
254408,\u00c1. Correa,Forward,19.777529
25795,W. Ben Yedder,Forward,22.004402
7908,Fernando Torres,Forward,19.508163
344140,A. Ndiaye,Forward,21.835585
3290,Aduriz,Forward,19.630806
364820,Loren Mor\u00f3n,Forward,20.942225
489417,Erik Exp\u00f3sito,Forward,19.878277
86307,L. Vietto,Forward,24.118824
278278,Munir,Forward,20.873356
454457,E. Brignola,Forward,20.484077
115933,G. Lapadula,Forward,19.425957
239295,V. Parigini,Forward,21.946728
25601,C. Diabat\u00e9,Forward,19.892754
24269,M. Coda,Forward,19.262157
70974,Iuri Medeiros,Forward,20.743248
22578,N. Sansone,Forward,20.167809
3451,Adri\u00e1n L\u00f3pez,Forward,21.081816
105541,Lucas P\u00e9rez,Forward,22.20285
4440,Borja Valle,Forward,20.805107
239843,Z. Bakkali,Forward,21.470247
8326,M. Balotelli,Forward,24.910585
118,M. Depay,Forward,20.076168
26042,K. Monnet-Paquet,Forward,19.656473
276944,J. Bamba,Forward,22.388905
276211,A. Saint-Maximin,Forward,24.143854
15004,I. Santini,Forward,19.223238
25673,S. Bahoken,Forward,19.22504
25889,R. Hamouma,Forward,19.89448
25410,A. Pl\u00e9a,Forward,23.132423
142755,B. Traor\u00e9,Forward,21.423538
25715,R. Rodelin,Forward,21.322664
8278,G. Bale,Forward,23.951893
209400,D. Berardi,Forward,22.450172
352993,Y. Karamoh,Forward,23.154694
3321,K. Benzema,Forward,23.95584
334817,L. Boy\u00e9,Forward,21.226555
20626,Eder,Forward,22.944046
206314,M. Icardi,Forward,19.715004
3710,K. Babacar,Forward,19.44043
208696,M. Politano,Forward,21.801641
25517,Y. Sanogo,Forward,19.042477
27354,J\u00falio Tavares,Forward,19.806763
25923,N. de Pr\u00e9ville,Forward,23.511965
25605,E. Sala,Forward,20.872902
25860,M. Gradel,Forward,19.671242
25809,E. Rivi\u00e8re,Forward,21.771902
26638,K. Toko Ekambi,Forward,23.521431
382,Suk Hyun-Jun,Forward,20.103754
498357,I. Niane,Forward,20.531214
219350,A. Niane,Forward,19.74411
14945,G. Sio,Forward,20.24921
247671,N. P\u00e9p\u00e9,Forward,22.218319
334552,F. Kamano,Forward,20.013844
244335,K. Dolly,Forward,24.061853
295761,S. Grandsir,Forward,21.64584
243931,Q. Cornette,Forward,19.516605
300485,Malcom,Forward,24.092184
276983,I. Mbenza,Forward,23.449553
250134,Luiz Ara\u00fajo,Forward,22.066404
366546,L. Mothiba,Forward,21.25197
143189,C. Ninga,Forward,19.684803
21114,M. Antenucci,Forward,19.84349
21123,S. Verdi,Forward,23.090134
8148,Iago Falqu\u00e9,Forward,23.657227
272878,A. Nalini,Forward,19.205421
21234,A. Belotti,Forward,20.68776
99511,M. St\u0119pi\u0144ski,Forward,21.197893
269152,G. Simeone,Forward,19.49189
234533,S. Perica,Forward,18.907206
21655,A. Stoian,Forward,20.395182
333913,K. Lasagna,Forward,19.457247
23314,Diego Farias,Forward,20.106775
22933,L. Pavoletti,Forward,20.187735
21438,R. Inglese,Forward,19.8685
328336,M. Fares,Forward,21.41273
149848,F. Avenatti,Forward,19.54491
20661,A. Paloschi,Forward,22.082561
250956,F. Ricci,Forward,15.830804
11156,M. Trotta,Forward,21.216103
20947,A. Cerci,Forward,19.91787
339791,\u00c1lex Berenguer,Forward,23.603083
7945,D. Welbeck,Forward,19.988594
3293,P. Piatti,Forward,22.19402
116283,D. Rol\u00e1n,Forward,19.44803
7623,L\u00e9o Baptist\u00e3o,Forward,22.95562
285509,I. Success,Forward,20.620184
3816,Sergio Garc\u00eda,Forward,22.222729
5400,Gerard Moreno,Forward,25.829494
21077,A. G\u00f3mez,Forward,22.016329
105376,N. Kalini\u0107,Forward,19.813805
491409,M. Barrow,Forward,20.466444
20820,J. Ili\u010di\u0107,Forward,23.697277
8327,E. D\u017eeko,Forward,19.243866
20418,S. El Shaarawy,Forward,22.78673
20536,G. Pazzini,Forward,18.914894
234359,P. Schick,Forward,18.377254
3291,Paco Alc\u00e1cer,Forward,19.026161
21385,L. Insigne,Forward,25.87495
21376,G. Caprari,Forward,22.016356
3313,Jos\u00e9 Callej\u00f3n,Forward,22.370676
89186,P. Dybala,Forward,23.985228
447821,Y. En-Nesyri,Forward,22.028597
26610,D. Sakho,Forward,20.381582
25770,F. Thauvin,Forward,23.217691
99452,A. Milik,Forward,22.069408
4498,Lucas V\u00e1zquez,Forward,20.19908
72397,Simy,Forward,18.689419
403546,Lee Seung-Woo,Forward,21.681446
25622,T. Hazard,Forward,20.381952
240042,D. Kownacki,Forward,22.316595
97582,M. Konat\u00e9,Forward,20.294958
15054,M. Diouf,Forward,18.962395
120353,Mohamed Salah,Forward,22.469944
32968,N. Amrabat,Forward,21.265402
15020,M. Leckie,Forward,22.566948
56274,Y. Poulsen,Forward,19.592789
3323,G. Higua\u00edn,Forward,20.656607
37948,A. Finnbogason,Forward,19.89525
285508,K. Iheanacho,Forward,22.983799
424624,O. Etebo,Forward,21.37894
20941,A. Ljaji\u0107,Forward,20.45637
14911,Son Heung-Min,Forward,22.948954
14731,M. G\u00f3mez,Forward,20.111187
15024,M. Reus,Forward,21.031273
151,J. Guidetti,Forward,19.087505
14732,T. M\u00fcller,Forward,21.07561
173214,T. Werner,Forward,20.174322
25747,S. Man\u00e9,Forward,20.880264
25898,M. Niang,Forward,21.774685
14763,S. Okazaki,Forward,19.507069
37831,C. Bacca,Forward,20.668951
14817,R. Lewandowski,Forward,20.705042
395636,Maxi G\u00f3mez,Forward,18.472834
21174,E. Cavani,Forward,20.168156
135927,Andr\u00e9 Silva,Forward,19.857094
3322,Cristiano Ronaldo,Forward,20.169952
4338,Diego Costa,Forward,20.442364
32597,Ricardo Quaresma,Forward,21.44046
3840,Iago Aspas,Forward,21.947803
70129,Rodrigo,Forward,20.679743
237034,Gon\u00e7alo Guedes,Forward,18.689419
55968,M. Braithwaite,Forward,19.568953
286390,O. Demb\u00e9l\u00e9,Forward,21.42645
135150,A. Cornelius,Forward,19.011568
3359,L. Messi,Forward,23.059597
135810,M. Pjaca,Forward,21.35649
8325,S. Ag\u00fcero,Forward,18.689419
7941,J. Hern\u00e1ndez,Forward,22.563946
3685,C. Vela,Forward,20.782295
282772,B. Embolo,Forward,19.819328
50023,J. Drmic,Forward,22.362318
20764,L. Muriel,Forward,20.231897
3450,R. Falcao,Forward,19.377531
94831,Y. \u014csako,Forward,19.443226
38093,M. Batshuayi,Forward,19.60685
7972,L. Su\u00e1rez,Forward,20.817524
3714,C. Stuani,Forward,19.493292
101669,A. Dzyuba,Forward,20.105238
101707,F. Smolov,Forward,19.540407
3802,Philippe Coutinho,Forward,21.888638
40810,Neymar,Forward,24.149124
15808,Roberto Firmino,Forward,22.578096
340386,Gabriel Jesus,Forward,20.988306
134769,Y. Carrasco,Forward,21.826994
123,O. Toivonen,Forward,19.800774
14908,M. Berg,Forward,19.982077
12829,J. Vardy,Forward,21.585892
26010,O. Giroud,Forward,20.12025
122,D. Mertens,Forward,19.604591
25707,E. Hazard,Forward,22.538595
353833,K. Mbapp\u00e9,Forward,23.027378
3682,A. Griezmann,Forward,22.408167
7905,R. Lukaku,Forward,19.746904
8717,H. Kane,Forward,21.19927
69616,A. Rebi\u0107,Forward,19.481817
69411,A. Kramari\u0107,Forward,22.82085
14943,M. Mand\u017euki\u0107,Forward,19.660934
11066,R. Sterling,Forward,20.101738
397178,M. Rashford,Forward,19.495111
399673,E. Rol\u00f3n,Midfielder,17.760593
8142,J. Puncheon,Midfielder,18.359085
15804,F. Johnson,Midfielder,18.234371
135937,Caf\u00fa,Midfielder,18.701328
149062,T. Dingom\u00e9,Midfielder,19.185503
25474,R. Camara,Midfielder,21.435488
9623,R. Brady,Midfielder,20.205997
16027,F. Bartels,Midfielder,22.243305
138577,C. Philipps,Midfielder,18.930887
4683,A. Szymanowski,Midfielder,18.019028
23386,L. Rizzo,Midfielder,21.205318
20690,S. Ta\u00efder,Midfielder,18.978062
49869,F. Frei,Midfielder,20.371492
285457,H. Ma\u00efga,Midfielder,19.057474
40800,Ganso,Midfielder,19.02907
240070,H. Winks,Midfielder,18.314932
8533,S. Sess\u00e8gnon,Midfielder,21.46032
220341,R. Chibsah,Midfielder,18.389198
209211,J. Nkololo,Midfielder,18.900959
408293,Javi Ontiveros,Midfielder,18.766418
22864,L. Mora,Midfielder,16.869854
9283,H. Arter,Midfielder,18.331211
258162,Renato Sanches,Midfielder,18.610626
86309,B. Zuculini,Midfielder,17.838266
485383,\u00c1lex Mula,Midfielder,18.489727
269189,B. Kapustka,Midfielder,18.432846
8627,B. Watson,Midfielder,18.589504
7929,T. Cleverley,Midfielder,19.157679
70092,S. Defour,Midfielder,19.23919
8624,J. McCarthy,Midfielder,18.477304
3573,J. Toulalan,Midfielder,18.124685
38236,J. Delaplace,Midfielder,19.106146
26414,G. N'Gosso,Midfielder,18.855536
20620,Pedro Obiang,Midfielder,19.06823
25865,B. Sako,Midfielder,21.749435
14757,Z. Kuzmanovi\u0107,Midfielder,15.018723
22323,L. Memushaj,Midfielder,18.16124
3674,Markel Bergara,Midfielder,17.926533
262,L. Fer,Midfielder,18.941034
11294,S. Arfield,Midfielder,18.158667
217078,D. Amartey,Midfielder,20.450407
4879,Carles Gil,Midfielder,18.5284
134542,N. Mendy,Midfielder,19.441162
5791,Juanpi,Midfielder,17.888319
4379,Jonathan Viera,Midfielder,19.34992
15253,M. Lehmann,Midfielder,18.240175
61988,S. Davis,Midfielder,19.13809
8314,G. Barry,Midfielder,18.493029
3568,Recio,Midfielder,18.546888
192748,M. James,Midfielder,19.1182
7961,C. Adam,Midfielder,17.286009
25871,Y. Ravet,Midfielder,18.206974
7986,M. Abeid,Midfielder,20.424274
8495,D. Drinkwater,Midfielder,18.6495
116171,Jo\u00e3o Pedro,Midfielder,18.41363
26032,C. Doukour\u00e9,Midfielder,18.092974
230897,Fede Cartabia,Midfielder,22.303513
327009,Walace,Midfielder,19.51767
367621,D. Geiger,Midfielder,18.632801
215983,S. Boufal,Midfielder,17.173378
15823,D. Williams,Midfielder,18.208042
286963,Vesga,Midfielder,18.345915
25562,M. Amalfitano,Midfielder,17.748724
407699,D. Avounou,Midfielder,18.483278
49982,A. Abrashi,Midfielder,18.493317
247222,Medr\u00e1n,Midfielder,17.966877
7864,F. Coquelin,Midfielder,20.08337
18550,E. Can,Midfielder,19.714682
20475,A. Vidal,Midfielder,18.767826
434159,S. Field,Midfielder,18.295649
278383,\u00c1lvaro Jim\u00e9nez,Midfielder,19.10094
286448,M. Arambarri,Midfielder,18.301588
134797,Hernani,Midfielder,18.100895
25805,F. Tabanou,Midfielder,18.778719
241564,O. Zinchenko,Midfielder,19.232662
21383,M. Verratti,Midfielder,20.981049
190167,L. Spinazzola,Midfielder,19.031857
8959,J. Stanislas,Midfielder,18.984356
3539,H. P\u00e9rez,Midfielder,19.330486
134369,M. Meyer,Midfielder,18.591043
29590,E. Bourgaud,Midfielder,19.593464
273819,Xeka,Midfielder,18.82974
25704,F. Balmont,Midfielder,20.792208
14770,G. Castro,Midfielder,21.233175
4256,Aleix Vidal,Midfielder,17.989676
25650,V. Pajot,Midfielder,19.001019
9080,A. Taarabt,Midfielder,19.617575
8140,A. Lallana,Midfielder,17.704653
10113,A. Benali,Midfielder,18.708153
22099,M. B\u00fcchel,Midfielder,18.965788
65596,M. Sabitzer,Midfielder,18.177494
346071,O. Burke,Midfielder,19.792507
70215,C. Atsu,Midfielder,19.457247
86308,C. Yacob,Midfielder,18.344742
425926,A. Maier,Midfielder,19.722656
3566,Camacho,Midfielder,18.402563
26604,Y. Salibur,Midfielder,20.842905
295569,Ot\u00e1vio,Midfielder,18.399086
28232,I. Amadou,Midfielder,18.675476
399576,T. Stavitski,Midfielder,19.557718
20875,D. Dessena,Midfielder,19.55487
15456,F. Klaus,Midfielder,20.447435
275293,Samu Garc\u00eda,Midfielder,19.266132
20410,S. Muntari,Midfielder,18.197607
15276,M. Weiser,Midfielder,19.559029
15141,A. Esswein,Midfielder,19.628942
356903,S. \u00d6zcan,Midfielder,19.120567
15018,P. Herrmann,Midfielder,18.468216
14727,A. Robben,Midfielder,22.271322
14726,F. Rib\u00e9ry,Midfielder,19.262888
134294,I. Hayden,Midfielder,16.908413
9293,M. Pugh,Midfielder,20.477222
253333,A. Blin,Midfielder,18.57281
256992,A. Fulgini,Midfielder,18.291828
234138,J. Repas,Midfielder,20.020555
211885,Andr\u00e9 Gomes,Midfielder,19.768003
20655,L. Rigoni,Midfielder,19.544348
21019,M. Valdifiori,Midfielder,17.767365
20525,J. Obi,Midfielder,18.169617
374013,A. Diawara,Midfielder,19.342762
295273,G. Donsah,Midfielder,18.485407
7873,J. Wilshere,Midfielder,18.510668
302798,F. Cassata,Midfielder,18.247923
246063,S. Sensi,Midfielder,18.818905
20623,R. Soriano,Midfielder,18.898932
9419,T. Ince,Midfielder,19.333614
221452,V. Grifo,Midfielder,19.232254
4969,Tana,Midfielder,19.166681
7868,A. Oxlade-Chamberlain,Midfielder,19.823334
86486,G. Poblete,Midfielder,18.601065
25835,F. Sammaritano,Midfielder,19.419315
397033,B. Soumar\u00e9,Midfielder,17.78871
241676,R. Gagliardini,Midfielder,19.556557
70834,Guilherme,Midfielder,18.889277
272363,M. Dahoud,Midfielder,19.35834
3320,N. \u015eahin,Midfielder,19.883049
249926,A. Confais,Midfielder,17.69588
93044,S. Darbion,Midfielder,19.442274
275243,S. Khaoui,Midfielder,17.78871
21350,M. Parolo,Midfielder,19.26738
269490,F. Kath,Midfielder,18.793762
16303,D. Latza,Midfielder,19.020939
302600,S. Serdar,Midfielder,19.347008
3474,Jes\u00fas Navas,Midfielder,20.763334
207001,J. Correa,Midfielder,20.976809
21678,L. Del Pinto,Midfielder,19.057446
20448,F. Viviani,Midfielder,19.850903
292310,L. Mazzitelli,Midfielder,18.576105
21290,S. Sturaro,Midfielder,18.27356
8013,M. Albrighton,Midfielder,19.514168
3645,Chory Castro,Midfielder,19.62211
217872,J. Iloki,Midfielder,19.145811
37714,Y. El Ghanassy,Midfielder,17.748724
43515,Andrei Girotto,Midfielder,18.331663
15129,D. Didavi,Midfielder,19.483358
1729,R. Bazoer,Midfielder,19.104149
43051,Gabriel,Midfielder,19.803354
3535,J. de Guzm\u00e1n,Midfielder,18.989634
134397,S. Gnabry,Midfielder,20.90094
15942,L. Rupp,Midfielder,20.297731
218896,O. Duda,Midfielder,18.52928
221333,K. Demirbay,Midfielder,19.180885
345707,B. \u00d6zcan,Midfielder,19.416739
240445,Andreas Pereira,Midfielder,19.74397
37796,D. Mili\u010devi\u0107,Midfielder,19.778667
174,F. \u0110uri\u010di\u0107,Midfielder,18.82041
3317,Granero,Midfielder,17.78495
282448,Aleix Garc\u00eda,Midfielder,18.434116
15695,M. Heller,Midfielder,19.2475
51013,R. Quaison,Midfielder,18.941895
395114,Zubeld\u00eda,Midfielder,21.045742
21894,Keko,Midfielder,20.010393
144766,N. Bentaleb,Midfielder,18.975752
20588,K. Asamoah,Midfielder,19.121052
20414,M. Valoti,Midfielder,18.557093
22158,I. Cofie,Midfielder,18.724476
339789,Mikel Merino,Midfielder,19.262796
3503,Ra\u00fal Garc\u00eda,Midfielder,19.833746
25859,I. Diomand\u00e9,Midfielder,18.746902
25764,Y. Cahuzac,Midfielder,17.726831
15012,H. Nordtveit,Midfielder,18.271278
208089,I. Fossum,Midfielder,20.104702
15256,P. Schwegler,Midfielder,19.06451
364644,A. Diouss\u00e9,Midfielder,15.35547
15455,J. Geis,Midfielder,19.181778
20401,A. Aquilani,Midfielder,18.277695
8319,J. Milner,Midfielder,20.650888
7932,D. Fletcher,Midfielder,16.691414
208716,A. Sch\u00f6pf,Midfielder,18.543573
14838,C. Kramer,Midfielder,19.982382
112253,M. Fabi\u00e1n,Midfielder,19.748335
14998,J. Schuster,Midfielder,18.386852
208652,V. Lazaro,Midfielder,18.656748
15317,L. Bittencourt,Midfielder,20.508106
302518,L. Cook,Midfielder,19.29443
29640,M. Lemina,Midfielder,19.992569
9414,M. Phillips,Midfielder,20.408642
9739,J. Ibe,Midfielder,18.819563
284476,N. Vla\u0161i\u0107,Midfielder,18.76358
3420,Susaeta,Midfielder,21.226057
3409,San Jos\u00e9,Midfielder,18.835585
14781,L. Bender,Midfielder,19.840605
77557,W. Routledge,Midfielder,19.769964
413737,S. Ascac\u00edbar,Midfielder,18.842249
326523,Dani Ceballos,Midfielder,20.195992
279538,Marcos Llorente,Midfielder,19.161999
277629,P. Lees Melou,Midfielder,18.934088
276920,V. Vada,Midfielder,18.547176
331923,K. N'Doram,Midfielder,17.47356
25532,V. Bessat,Midfielder,19.667542
20406,M. Flamini,Midfielder,18.071741
230895,Pere Pons,Midfielder,18.99673
25942,G. Imbula,Midfielder,19.197077
20446,V. Verre,Midfielder,20.428509
90268,E. Pulgar,Midfielder,18.633366
127534,D. Lazovi\u0107,Midfielder,20.442122
20403,S. Calvano,Midfielder,18.256226
226200,M. Lazzari,Midfielder,19.641428
20850,L. Cigarini,Midfielder,18.658585
20816,\u00c9. Barreto,Midfielder,18.522268
299557,\u00c1. Nagy,Midfielder,18.35549
20943,R. Montolivo,Midfielder,18.803192
289711,N. Ke\u00efta,Midfielder,20.142166
224896,G. Holtmann,Midfielder,22.262672
65027,S. Ilsanker,Midfielder,18.509462
359847,Alfonso Pedraza,Midfielder,19.782658
25714,D. Payet,Midfielder,22.129412
14806,M. G\u00f6tze,Midfielder,19.690722
4014,Pedro Le\u00f3n,Midfielder,18.219261
3484,Luis Alberto,Midfielder,20.321436
25939,M. Diallo,Midfielder,17.748724
25798,E. Capoue,Midfielder,19.01522
356237,G. Lo Celso,Midfielder,20.103888
244357,B. Zungu,Midfielder,18.793074
28948,G. Fofana,Midfielder,18.13594
7906,Juan Mata,Midfielder,21.331135
3704,P. Diop,Midfielder,18.146511
279555,Iv\u00e1n Alejo,Midfielder,18.656307
3287,Portu,Midfielder,20.93704
8623,J. McArthur,Midfielder,18.946213
8422,W. Zaha,Midfielder,19.823406
7988,Y. Cabaye,Midfielder,18.606981
77548,J. Allen,Midfielder,18.991617
8471,A. Townsend,Midfielder,20.179155
471348,W. McKennie,Midfielder,18.77646
65055,F. Kainz,Midfielder,20.52863
447223,J. Sancho,Midfielder,19.71036
224971,E. Thommy,Midfielder,20.91599
406682,A. Lookman,Midfielder,20.116978
15191,Y. Mall\u0131,Midfielder,17.766008
15194,M. Risse,Midfielder,17.836718
4509,Omar Mascarell,Midfielder,20.294985
284469,J. Brekalo,Midfielder,20.707628
15188,J. Baumgartlinger,Midfielder,18.470358
217052,R. Steffen,Midfielder,20.710209
3416,Javi Mart\u00ednez,Midfielder,18.969013
14905,P. Skjelbred,Midfielder,18.731213
14754,C. Gentner,Midfielder,18.762543
223560,L. \u00d6ztunali,Midfielder,18.88584
14864,L. Holtby,Midfielder,20.773836
14863,M. H\u00f6ger,Midfielder,18.71406
14938,M. Arnold,Midfielder,18.322437
8315,N. de Jong,Midfielder,17.7922
221376,M. Steinmann,Midfielder,19.001884
14989,D. Caligiuri,Midfielder,20.521257
14997,J. Schmid,Midfielder,18.893274
224677,J. Weigl,Midfielder,19.410015
14786,K. Bellarabi,Midfielder,21.245546
425925,K. Havertz,Midfielder,18.683632
15131,M. Frantz,Midfielder,18.535551
224680,M. Wolf,Midfielder,20.112854
228980,J. Gbamin,Midfielder,18.70709
15278,C. Clemens,Midfielder,19.53096
282804,K. Laimer,Midfielder,18.014383
404219,M. Cuisance,Midfielder,19.410465
15937,D. Demme,Midfielder,19.108702
127685,M. Joji\u0107,Midfielder,21.185413
20591,G. Fernandes,Midfielder,19.065527
20402,K. Boateng,Midfielder,19.075619
263614,N. Amiri,Midfielder,20.299147
89559,C. Ar\u00e1nguiz,Midfielder,19.134808
16110,K. Kampl,Midfielder,18.831532
136011,M. Ga\u0107inovi\u0107,Midfielder,20.923357
14706,A. Hunt,Midfielder,19.060194
18982,N. Schulz,Midfielder,21.226007
14696,Z. Junuzovi\u0107,Midfielder,18.911884
135561,F. Grillitsch,Midfielder,19.489414
16432,Caiuby,Midfielder,19.743193
18591,J. Hofmann,Midfielder,20.540342
83836,A. Maxim,Midfielder,18.474432
82518,V. Darida,Midfielder,21.656559
17136,J. Gondorf,Midfielder,17.792433
349099,O. Mangala,Midfielder,17.755465
25995,B. Stambouli,Midfielder,18.176327
105378,Y. Konoplyanka,Midfielder,20.22682
165425,D. Kohr,Midfielder,19.40386
15430,N. H\u00f6fler,Midfielder,19.110458
391530,C. Pulisic,Midfielder,20.517326
14692,P. Bargfrede,Midfielder,18.38372
279734,V. Koziello,Midfielder,18.18748
15487,J. Haberer,Midfielder,19.116177
272440,M. Eggestein,Midfielder,18.434803
14802,M. Bakalorz,Midfielder,18.35845
16826,R. Khedira,Midfielder,18.66254
25861,J. Guilavogui,Midfielder,18.456305
15777,D. Baier,Midfielder,21.334225
391606,T. Ito,Midfielder,19.197077
15782,J. Mor\u00e1vek,Midfielder,18.55224
179,L. Narsingh,Midfielder,20.5913
8285,J. Livermore,Midfielder,18.148363
265318,E. Fernandes,Midfielder,17.841084
254898,Kenedy,Midfielder,20.126818
8530,J. McClean,Midfielder,18.180058
77552,N. Dyer,Midfielder,19.437046
28292,A. Doucour\u00e9,Midfielder,18.867262
8351,A. Surman,Midfielder,20.568825
8370,C. Brunt,Midfielder,18.396194
7989,D. Gosling,Midfielder,18.89577
3928,Vicente Iborra,Midfielder,18.640036
20593,R. Pereyra,Midfielder,20.753557
62224,R. Fraser,Midfielder,19.063383
8981,W. Hughes,Midfielder,18.306261
3414,Iturraspe,Midfielder,18.453156
5290,Mikel Rico,Midfielder,18.620226
70120,Javi Garc\u00eda,Midfielder,18.866158
247219,V\u00edctor Camarasa,Midfielder,19.725557
25461,R. Boudebouz,Midfielder,19.565279
9194,Y. Bolasie,Midfielder,20.355808
8144,J. Ward-Prowse,Midfielder,17.648525
32652,E. \u00c7olak,Midfielder,19.074532
364005,F. Valverde,Midfielder,18.700134
8143,M. Schneiderlin,Midfielder,18.696293
40614,Guilherme,Midfielder,18.613575
302550,Brais M\u00e9ndez,Midfielder,19.367393
269060,P. Hern\u00e1ndez,Midfielder,18.86345
353236,T. Davies,Midfielder,19.243221
20526,L. Crisetig,Midfielder,18.236673
25623,G. Kondogbia,Midfielder,18.958845
246061,F. Bernardeschi,Midfielder,15.18623
412897,Dani Raba,Midfielder,19.023397
3286,Dani Parejo,Midfielder,18.847565
20470,C. Marchisio,Midfielder,19.130018
4009,M. Lacen,Midfielder,20.787039
91064,D. Torres,Midfielder,18.568377
7585,Manu Garc\u00eda,Midfielder,19.111212
226005,Burgui,Midfielder,18.799149
134508,S. Fofana,Midfielder,18.890827
3543,Borja Valero,Midfielder,19.075222
300669,A. Bali\u0107,Midfielder,18.30379
173,R. van La Parra,Midfielder,17.575897
21564,I. Radovanovi\u0107,Midfielder,17.84398
21148,N. Rigoni,Midfielder,18.322536
26389,Y. Sankhar\u00e9,Midfielder,19.0784
149076,V. Eysseric,Midfielder,21.741547
22381,Daniel Bessa,Midfielder,18.208317
45579,Everton Luiz,Midfielder,18.83223
228928,A. Maru\u0161i\u0107,Midfielder,20.973791
21288,Miguel Veloso,Midfielder,18.961487
25999,R. Cabella,Midfielder,20.096426
25541,J. Veretout,Midfielder,20.382149
22695,N. Viola,Midfielder,20.637022
26000,B. Dabo,Midfielder,19.876713
14866,Jurado,Midfielder,21.664684
4375,Vitolo,Midfielder,20.076359
3797,V\u00edctor S\u00e1nchez,Midfielder,19.368467
217031,Thomas,Midfielder,20.533688
149053,R. Walter,Midfielder,19.138638
25406,Y. Gourcuff,Midfielder,17.996946
26120,T. Mangani,Midfielder,19.240658
30427,J. Mari\u00e9,Midfielder,20.212564
25800,\u00c9. Didot,Midfielder,17.715359
26956,N. Benezet,Midfielder,21.193583
26539,P. Oniangu\u00e9,Midfielder,18.751719
335763,J. Sambia,Midfielder,18.572868
38015,S. Peeters,Midfielder,19.916424
256706,L. Phiri,Midfielder,18.185966
366571,F. Maouassa,Midfielder,19.308018
141172,J. Aholou,Midfielder,18.421932
340920,L. Blas,Midfielder,18.413637
26065,J. Martin,Midfielder,18.662712
28117,R. Ghezzal,Midfielder,21.534193
209028,A. Thomasson,Midfielder,18.792818
8925,A. Westwood,Midfielder,18.328436
8284,A. Lennon,Midfielder,18.21854
3350,F\u00e0bregas,Midfielder,19.67916
8125,J. Cork,Midfielder,18.489132
28291,T. Bakayoko,Midfielder,19.532429
116,G. Wijnaldum,Midfielder,18.847977
8980,J. Hendrick,Midfielder,18.910704
3708,Jairo Samperio,Midfielder,19.483372
4361,Javi Castellano,Midfielder,19.1043
20438,D. De Rossi,Midfielder,18.052862
20879,R. Nainggolan,Midfielder,18.866701
340019,Gerson,Midfielder,18.491629
14722,Luiz Gustavo,Midfielder,19.171667
3934,N. El Zhar,Midfielder,20.540932
6370,Eraso,Midfielder,19.877401
247220,Jason,Midfielder,19.128584
135114,P. H\u00f8jbjerg,Midfielder,19.166807
8116,N. Redmond,Midfielder,18.937246
10252,S. Clucas,Midfielder,18.468357
8976,T. Carroll,Midfielder,17.562693
8498,A. King,Midfielder,18.727093
7899,Oriol Romeu,Midfielder,17.991608
3542,Trigueros,Midfielder,19.382553
8897,J. Hogg,Midfielder,18.05655
26150,R. Mahrez,Midfielder,20.334595
279717,A. Maitland-Niles,Midfielder,19.318037
283142,D. Gray,Midfielder,17.889315
105338,H. Mkhitaryan,Midfielder,19.617033
303357,P. Billing,Midfielder,20.02499
8290,A. Pritchard,Midfielder,17.84142
419784,H. Choudhury,Midfielder,17.993649
7870,A. Ramsey,Midfielder,19.52829
20441,E. Lamela,Midfielder,20.054403
15526,P. Gro\u00df,Midfielder,19.126152
9227,M. Ritchie,Midfielder,18.810059
247248,S. March,Midfielder,17.111414
61961,B. Kayal,Midfielder,18.268911
293686,J. Murphy,Midfielder,20.747461
25950,A. Knockaert,Midfielder,20.118736
245364,L. San\u00e9,Midfielder,21.5311
25804,M. Sissoko,Midfielder,19.3353
7967,J. Shelvey,Midfielder,19.73854
466,D. Pr\u00f6pper,Midfielder,18.358795
8086,D. Stephens,Midfielder,18.182537
61967,V. Wanyama,Midfielder,19.086905
8620,M. Diam\u00e9,Midfielder,18.797058
86828,G. Pizarro,Midfielder,18.302011
8561,M. Noble,Midfielder,20.380936
397174,S. McTominay,Midfielder,19.12074
3413,Ander Herrera,Midfielder,19.330547
41174,M. Lanzini,Midfielder,19.203588
280115,M. Lopez,Midfielder,18.392712
25407,C. Grenier,Midfielder,19.693619
366401,A. Zambo Anguissa,Midfielder,18.554043
209086,M. Sanson,Midfielder,21.47831
26314,L. Deaux,Midfielder,19.072632
330387,M. Coco,Midfielder,20.01463
25743,B. Sarr,Midfielder,20.878193
3678,Xabi Prieto,Midfielder,17.961721
3282,Canales,Midfielder,20.815683
3680,Zurutuza,Midfielder,18.219055
263091,Gumbau,Midfielder,18.530375
127928,D. Bra\u0161anac,Midfielder,19.113049
3676,Illarramendi,Midfielder,18.691818
5195,Omar Ramos,Midfielder,18.149942
4013,Rub\u00e9n P\u00e9rez,Midfielder,18.560743
355599,Mikel Oyarzabal,Midfielder,19.000015
134387,L. Goretzka,Midfielder,18.728731
14804,J. B\u0142aszczykowski,Midfielder,19.292671
15811,S. Rudy,Midfielder,19.467089
372915,A. Harit,Midfielder,18.965158
3510,Timor,Midfielder,20.26295
346195,Fabi\u00e1n,Midfielder,20.051085
265864,N. Maksimovi\u0107,Midfielder,18.489187
4015,Pablo Sarabia,Midfielder,18.686798
3538,M. Wakaso,Midfielder,19.435892
3650,Tom\u00e1s Pina,Midfielder,18.135986
3441,Gabi,Midfielder,18.974922
247207,Joan Jord\u00e1n,Midfielder,19.089973
214062,\u00c1lex Granell,Midfielder,20.09029
4593,Sergio Mora,Midfielder,19.92768
4363,Vicente G\u00f3mez,Midfielder,18.590153
4365,Roque Mesa,Midfielder,18.967009
20823,F. V\u00e1zquez,Midfielder,17.760593
3595,Be\u00f1at,Midfielder,18.67523
4362,Momo,Midfielder,18.350847
234527,A. Halilovi\u0107,Midfielder,19.539568
5542,Dani Garc\u00eda,Midfielder,18.206339
3423,Ibai G\u00f3mez,Midfielder,19.361135
372752,Carlos Soler,Midfielder,19.468462
4488,Sa\u00fal,Midfielder,18.681993
3843,F. Orellana,Midfielder,19.088993
4278,Borja Garc\u00eda,Midfielder,20.239483
225948,Rub\u00e9n Pe\u00f1a,Midfielder,18.956863
3572,Portillo,Midfielder,20.018959
344075,I\u00f1igo C\u00f3rdoba,Midfielder,20.372057
3571,Joaqu\u00edn,Midfielder,20.672602
212644,G. Escalante,Midfielder,18.545462
8291,Sandro,Midfielder,19.549551
20749,A. Bertolacci,Midfielder,18.74927
349102,S. Omeonga,Midfielder,18.747866
256478,D. Cataldi,Midfielder,19.885277
4511,Pedro Mosquera,Midfielder,19.510782
4332,Javi Fuego,Midfielder,18.749798
399676,Pablo Fornals,Midfielder,19.501848
364860,Rodri,Midfielder,18.7687
134174,Samu Castillejo,Midfielder,20.81334
207143,Fabinho,Midfielder,19.763199
28990,D. Li\u00e9nard,Midfielder,19.184929
437636,J. Deminguet,Midfielder,19.318851
289359,Y. A\u00eft Bennasser,Midfielder,20.588125
28230,A. Tameze,Midfielder,18.639565
294695,T. Ndomb\u00e8l\u00e9,Midfielder,19.0312
54380,O. Seln\u00e6s,Midfielder,18.03779
228983,W. Cyprien,Midfielder,20.114853
29137,J. Grimm,Midfielder,18.897167
25403,J. Ferri,Midfielder,15.36601
26381,B. Corgnet,Midfielder,19.009386
25647,J. F\u00e9ret,Midfielder,19.80124
342743,L. Tousart,Midfielder,17.772728
25649,Y. M'Vila,Midfielder,20.3134
26285,A. Gon\u00e7alves,Midfielder,17.662823
397046,H. Aouar,Midfielder,19.311811
131959,J. Seri,Midfielder,22.512075
25514,P. Ntep,Midfielder,20.574884
135913,Rony Lopes,Midfielder,20.361856
3344,Rafinha,Midfielder,21.034998
20556,A. Candreva,Midfielder,21.2131
4911,Jozabed,Midfielder,19.5149
22162,F. Magnanelli,Midfielder,18.416151
22163,S. Missiroli,Midfielder,20.256418
140125,N. Radoja,Midfielder,19.36147
26652,D. Wass,Midfielder,18.498814
22383,A. Duncan,Midfielder,19.9208
167641,S. Lobotka,Midfielder,19.083303
26384,G. Kakuta,Midfielder,19.37845
274344,B. Santamaria,Midfielder,18.613394
26311,R. Amalfitano,Midfielder,18.871943
27646,P. Capelle,Midfielder,18.217787
28866,K. Azamoum,Midfielder,18.724535
413582,Y. Bissouma,Midfielder,19.487762
26508,R. Cohade,Midfielder,18.239138
29641,B. Pel\u00e9,Midfielder,19.042511
3315,L. Diarra,Midfielder,19.274796
30437,F. Mollet,Midfielder,19.194525
26512,M. Dossevi,Midfielder,21.669008
256084,Kwon Chang-Hoon,Midfielder,19.557917
229198,H. Manzala,Midfielder,18.58882
260002,V. Rongier,Midfielder,18.750574
25504,S. Me\u00eft\u00e9,Midfielder,18.981623
209209,F. Tait,Midfielder,22.276628
25503,G. Mandjeck,Midfielder,18.454018
209117,A. Rabiot,Midfielder,19.24225
25492,T. Monconduit,Midfielder,18.561314
25470,S. Prci\u0107,Midfielder,18.761501
41056,Thiago Mendes,Midfielder,18.88722
116345,F. P\u00edriz,Midfielder,19.651651
366542,J. Reine-Adelaide,Midfielder,18.928272
257750,Thiago Maia,Midfielder,17.272348
25440,J. Pastore,Midfielder,21.974852
20685,R. Krhin,Midfielder,18.376143
25826,B. Andr\u00e9,Midfielder,19.042484
25829,P. Lasne,Midfielder,19.798458
25439,T. Motta,Midfielder,18.537638
229124,A. Hunou,Midfielder,19.010416
366760,L. Coulibaly,Midfielder,18.81134
325781,J. Lea Siliki,Midfielder,19.915312
228981,B. Bourigeaud,Midfielder,18.773012
375001,I. Sangar\u00e9,Midfielder,18.828968
25596,J. Pla\u0161il,Midfielder,18.22883
217874,A. Tour\u00e9,Midfielder,19.660269
43196,Som\u00e1lia,Midfielder,18.394506
347200,C. Nkunku,Midfielder,18.753204
25891,B. Nivet,Midfielder,19.456322
447804,F. Chiesa,Midfielder,21.122873
7926,Nani,Midfielder,19.964031
20472,S. Padoin,Midfielder,20.091267
50073,A. Ioni\u0163\u0103,Midfielder,19.989204
20529,A. Poli,Midfielder,20.731636
134435,A. Grassi,Midfielder,19.14871
278813,S. Bastien,Midfielder,18.496458
20561,S. Luli\u0107,Midfielder,18.655231
20653,P. Hetemaj,Midfielder,19.262556
263591,A. Deiola,Midfielder,17.720514
354547,J. Jankto,Midfielder,18.730839
21025,R. Saponara,Midfielder,19.504377
20935,R\u00f4mulo,Midfielder,20.12396
20911,P. Schiattarella,Midfielder,18.699049
220359,P. Farag\u00f2,Midfielder,19.008078
21291,V. Birsa,Midfielder,19.485998
415809,F. Depaoli,Midfielder,18.049547
337225,R. Aarons,Midfielder,18.398699
21507,D. Baselli,Midfielder,19.12957
213948,R. de Paul,Midfielder,20.653765
21620,J. Kurti\u010d,Midfielder,18.576767
286223,N. Barella,Midfielder,18.366438
14903,T. Rinc\u00f3n,Midfielder,19.673044
20815,A. Barberis,Midfielder,17.510065
20812,A. Acquah,Midfielder,17.767365
22380,M. Benassi,Midfielder,20.260445
40806,Felipe Anderson,Midfielder,21.73663
23427,M. Fossati,Midfielder,19.91543
51151,M. Rohd\u00e9n,Midfielder,18.152115
20468,E. Giaccherini,Midfielder,21.11514
7965,Lucas Leiva,Midfielder,19.642998
86301,L. Castro,Midfielder,19.890873
265172,A. Bar\u00e1k,Midfielder,19.637026
302799,R. Mandragora,Midfielder,20.0419
346908,A. Murgia,Midfielder,18.353222
207164,B. N'Diaye,Midfielder,20.295856
14808,\u0130. G\u00fcndo\u011fan,Midfielder,18.91523
3866,M. Iturra,Midfielder,18.833769
37836,M. Lestienne,Midfielder,20.25312
3803,Sergi Darder,Midfielder,19.284367
450784,\u00d3scar Melendo,Midfielder,18.559452
3705,Adri\u00e1n,Midfielder,18.527119
15524,H. \u00c7alhano\u011flu,Midfielder,19.26442
37732,L. Biglia,Midfielder,18.191782
625,M. de Roon,Midfielder,18.667206
49991,R. Freuler,Midfielder,19.108654
286226,M. Locatelli,Midfielder,18.044643
20404,B. Cristante,Midfielder,20.482841
20845,G. Bonaventura,Midfielder,18.500498
285109,F. Kessi\u00e9,Midfielder,20.640074
280383,E. Bardhi,Midfielder,19.819574
284315,M. Rog,Midfielder,18.608444
138174,K. Linetty,Midfielder,19.082588
25405,M. Gonalons,Midfielder,18.411802
20689,G. Ram\u00edrez,Midfielder,19.034903
21315,Jorginho,Midfielder,18.954115
8323,Denis Su\u00e1rez,Midfielder,20.580168
40726,Allan,Midfielder,19.491749
328333,L. Pellegrini,Midfielder,19.21818
37739,D. Praet,Midfielder,18.801504
225089,Jos\u00e9 Luis Morales,Midfielder,20.301388
21171,M. Ham\u0161\u00edk,Midfielder,19.347647
237269,S. Luki\u0107,Midfielder,18.293255
20443,M. Pjani\u0107,Midfielder,18.863743
3470,Campa\u00f1a,Midfielder,18.755375
114,K. Strootman,Midfielder,18.112995
22566,A. Florenzi,Midfielder,18.988256
56441,L. Lerager,Midfielder,18.523777
50812,J. Durmaz,Midfielder,19.400978
408827,B. Srarfi,Midfielder,19.826126
28922,T. Lemar,Midfielder,19.718857
56025,M. Krohn-Dehli,Midfielder,18.642952
261127,A. Januzaj,Midfielder,18.641153
3345,Thiago Alc\u00e2ntara,Midfielder,19.611893
93,J. Gu\u00f0munds\u00adson,Midfielder,18.097433
21314,E. Hallfre\u00f0sson,Midfielder,19.120926
127537,L. Milivojevi\u0107,Midfielder,20.334312
3318,S. Khedira,Midfielder,19.79831
14862,J. Draxler,Midfielder,20.757841
3319,M. \u00d6zil,Midfielder,21.579794
360992,D. Zakaria,Midfielder,18.070784
51145,O. Hiljemark,Midfielder,18.028625
61962,Sung-Yeung Ki,Midfielder,18.708689
15781,Ja-Cheol Koo,Midfielder,18.950869
332605,Ramadan Sobhi,Midfielder,18.627083
120339,Mohamed Elneny,Midfielder,18.22228
70093,Jo\u00e3o Moutinho,Midfielder,18.161842
25888,F. Fajr,Midfielder,21.4649
3443,Koke,Midfielder,19.383434
62389,A. Mooy,Midfielder,18.820124
70156,A. Carrillo,Midfielder,20.230534
105334,Douglas Costa,Midfielder,20.968782
51004,C. Borges,Midfielder,18.06808
230020,A. Iwobi,Midfielder,19.562632
265366,W. Ndidi,Midfielder,19.69812
77521,A. Gunnarsson,Midfielder,18.562864
38084,B. Bjarnason,Midfielder,19.458687
8625,V. Moses,Midfielder,19.285198
77558,G. Sigur\u00f0sson,Midfielder,19.912
383,D. Tadi\u0107,Midfielder,18.91988
127796,F. Kosti\u0107,Midfielder,20.781574
265865,S. Milinkovi\u0107-Savi\u0107,Midfielder,18.584923
49997,S. Zuber,Midfielder,18.475517
70122,N. Mati\u0107,Midfielder,18.709888
26100,N. Sliti,Midfielder,18.908548
25776,W. Khazri,Midfielder,21.03733
246946,E. Skhiri,Midfielder,18.481787
146583,J. Brandt,Midfielder,20.956182
14723,T. Kroos,Midfielder,20.40249
25706,I. Gueye,Midfielder,18.098602
448079,I. Sarr,Midfielder,19.134989
94650,G. Haraguchi,Midfielder,19.185719
37725,C. Kouyat\u00e9,Midfielder,17.823177
14816,S. Kagawa,Midfielder,18.298903
70096,J. Rodr\u00edguez,Midfielder,20.046455
25537,G. Krychowiak,Midfielder,19.012335
99902,P. Zieli\u0144ski,Midfielder,19.763699
33032,K. Grosicki,Midfielder,17.94913
70965,Jo\u00e3o M\u00e1rio,Midfielder,21.035727
288091,Marco Asensio,Midfielder,18.964357
3353,Iniesta,Midfielder,20.189926
8317,David Silva,Midfielder,18.818663
265673,Bernardo Silva,Midfielder,18.125666
3563,Isco,Midfielder,21.340555
37762,William Carvalho,Midfielder,18.93363
70403,Adrien Silva,Midfielder,20.19502
3346,Sergio Busquets,Midfielder,18.619335
54,C. Eriksen,Midfielder,18.479683
55990,T. Delaney,Midfielder,18.974949
241945,P. Sisto,Midfielder,18.580925
3280,\u00c9. Banega,Midfielder,19.586046
3314,\u00c1. di Mar\u00eda,Midfielder,19.847506
3384,A. Guardado,Midfielder,18.809692
49872,X. Shaqiri,Midfielder,18.674728
21169,B. D\u017eemaili,Midfielder,20.841042
40756,Casemiro,Midfielder,18.262123
20938,V. Behrami,Midfielder,18.916544
49876,G. Xhaka,Midfielder,20.728718
26518,C. S\u00e1nchez,Midfielder,18.023348
14836,T. Inui,Midfielder,19.576965
20751,J. Cuadrado,Midfielder,19.204096
14929,M. Hasebe,Midfielder,19.175812
255738,J. Lerma,Midfielder,17.942154
94828,G. Shibasaki,Midfielder,18.449793
235555,R. Loftus-Cheek,Midfielder,19.366379
116269,D. Laxalt,Midfielder,19.22808
333571,L. Torreira,Midfielder,18.29247
116349,M. Vecino,Midfielder,19.96576
361807,R. Bentancur,Midfielder,18.68516
4513,D. Cheryshev,Midfielder,18.511002
69400,M. Badelj,Midfielder,18.983974
69404,M. Kova\u010di\u0107,Midfielder,20.946423
105333,Willian,Midfielder,21.8073
40550,Paulinho,Midfielder,20.79155
105339,Fernandinho,Midfielder,17.946125
20876,A. Ekdal,Midfielder,18.95335
51132,E. Forsberg,Midfielder,19.818518
28115,N. Fekir,Midfielder,20.364809
8249,M. Fellaini,Midfielder,17.991608
263802,Y. Tielemans,Midfielder,17.891838
7964,J. Henderson,Midfielder,20.965782
8464,F. Delph,Midfielder,19.399023
7936,P. Pogba,Midfielder,19.041391
261,N. Chadli,Midfielder,20.639282
209091,C. Tolisso,Midfielder,19.510834
70123,A. Witsel,Midfielder,18.63538
25437,B. Matuidi,Midfielder,20.297895
38021,K. De Bruyne,Midfielder,19.526764
8200,S. N'Zonzi,Midfielder,16.85863
11152,M. Demb\u00e9l\u00e9,Midfielder,18.16965
31528,N. Kant\u00e9,Midfielder,18.372509
8287,L. Modri\u0107,Midfielder,19.182905
13484,D. Alli,Midfielder,19.334726
7934,J. Lingard,Midfielder,19.296839
14812,I. Peri\u0161i\u0107,Midfielder,20.098755
69968,M. Brozovi\u0107,Midfielder,19.01307
210044,E. Dier,Midfielder,18.855042
3476,I. Rakiti\u0107,Midfielder,18.773684
